symbol,entry_date,entry_price,quantity,investment,additional_capital_needed,cash_after_entry,stop_loss,take_profit,exit_date,exit_price,exit_reason,pnl,return_pct
HINDUNILVR,2020-06-23,2115.0,472,998280.0,0,1720.0,2028.90649026722,2244.5870194655604,2020-07-13,2244.5870194655604,take_profit,61165.07318774451,6.127045837615149
ABBOTINDIA,2020-07-23,14975.0,1,14975.0,0,1046190.0731877445,14148.007749616349,15726.892250383651,2020-08-03,15726.892250383651,take_profit,751.8922503836511,5.020983308071126
LT,2020-08-04,918.0,1089,999702.0,0,62214.965438128216,881.387286778869,984.925426442262,2020-08-13,984.925426442262,take_profit,72881.78939562337,7.290351464298698
PFC,2020-08-06,66.4,936,62150.40000000001,0,1072648.3548337517,62.97507835910489,72.64984328179023,2020-08-11,72.64984328179023,take_profit,5849.853311755645,9.412414581009365
COLPAL,2020-09-01,1370.0,729,998730.0,0,141918.60814550729,1317.9680327472192,1453.8139345055615,2020-09-29,1453.8139345055615,take_profit,61100.35825455435,6.117805438362154
DABUR,2020-09-01,478.4,296,141606.4,0,1060142.5664000618,445.19508937795206,509.8858927464576,2020-09-11,509.8858927464576,take_profit,9319.824252951461,6.581499319911714
MUTHOOTFIN,2020-09-22,1030.0,146,150380.0,0,1060688.7906530132,954.2837056472226,1180.449441529166,2020-10-05,1180.449441529166,take_profit,21965.618463258244,14.606741896035539
GAIL,2020-09-23,49.43,17,840.31,0,1232194.0991162714,45.84221971103604,52.65037371861861,2020-11-10,52.65037371861861,take_profit,54.746353216516376,6.51501864984546
CANBK,2020-09-25,13.63,1,13.63,0,1233075.525469488,12.189896357921125,15.91020728415775,2020-11-10,15.91020728415775,take_profit,2.2802072841577488,16.72932710313829
TATACONSUM,2020-10-12,468.65,2133,999630.45,0,233460.9856767722,421.5797403489881,518.0943115812142,2020-11-19,518.0943115812142,take_profit,105464.71660273003,10.550370549709648
VEDL,2020-10-13,56.45,4119,232517.55000000002,0,1106038.6022795022,39.81771972662072,85.21456054675856,2020-12-03,85.21456054675856,take_profit,118481.2248920985,50.95582027769452
INDUSTOWER,2020-11-14,182.6,5,913.0,0,1456124.3771716007,163.94407827819165,194.1047373774467,2020-11-19,194.1047373774467,take_profit,57.52368688723351,6.30051335018987
MPHASIS,2020-11-25,1286.1,777,999299.7,0,457795.200858488,1215.8135315576812,1408.072936884638,2020-12-23,1408.072936884638,take_profit,94772.9719593638,9.483938798276814
CIPLA,2020-12-01,753.0,141,106173.0,0,1445694.8728178516,693.5792733124182,797.6207266875819,2020-12-15,797.6207266875819,take_profit,6291.522462949041,5.925727315747922
ADANIGREEN,2021-01-13,930.0,1075,999750.0,0,558409.3952808008,804.9018603688819,1067.2477675573416,2021-02-04,1067.2477675573416,take_profit,147541.35012414222,14.757824468531355
ABBOTINDIA,2021-01-20,14645.0,1,14645.0,0,1691055.745404943,13834.948419160166,15368.451580839836,2021-04-08,15368.451580839836,take_profit,723.4515808398355,4.939922026902257
COALINDIA,2021-01-28,97.0,5605,543685.0,0,1162739.1969857828,87.2864115706812,111.18630611518256,2021-02-04,111.18630611518256,take_profit,79514.24577559825,14.625057850703671
NESTLEIND,2021-02-19,1643.0,608,998944.0,0,786994.4427613812,1579.570328827052,1750.209342345896,2021-04-07,1750.209342345896,take_profit,65183.280146304736,6.525218645520144
DABUR,2021-02-23,502.0,1537,771574.0,0,1079547.722907686,469.8175009567376,536.9889988519149,2021-03-30,536.9889988519149,take_profit,53778.091235393134,6.96992009002288
SIEMENS,2021-04-13,1731.0,577,998787.0,0,906112.8141430791,1637.3314907803942,1914.5870184392115,2021-04-29,1914.5870184392115,take_profit,105929.70963942505,10.605835842819845
INDUSINDBK,2021-04-13,850.0,1066,906100.0,0,1104729.5237825043,743.5915901321865,965.370091841376,2021-05-03,965.370091841376,take_profit,122984.51790290687,13.572951981338358
ABCAPITAL,2021-05-07,117.0,8547,999999.0,0,1133815.0416854112,108.81286345363804,130.82427309272396,2021-05-19,130.82427309272396,take_profit,118156.06212351166,11.815618027969194
RELIANCE,2021-05-17,923.3,1083,999933.8999999999,0,1252036.2038089228,894.5345482915866,980.8309034168268,2021-05-28,980.8309034168268,take_profit,62305.96840042347,6.23100870971806
TATACONSUM,2021-05-28,642.5,1556,999730.0,0,1314546.072209346,599.7371473764968,689.6354231482039,2021-06-07,689.6354231482039,take_profit,73342.7184186053,7.33625263007065
ADANIPORTS,2021-06-18,643.2,1554,999532.8,0,1388085.9906279517,572.3547484667633,795.9905030664734,2021-10-14,795.9905030664734,take_profit,237436.44176529953,23.754742392175576
ADANIGREEN,2021-07-06,916.35,1091,999737.85,0,1625317.3823932512,818.4238895493465,1139.901332540784,2021-09-08,1139.901332540784,take_profit,243894.50380199542,24.39584575116321
HEROMOTOCO,2021-07-06,2767.55,140,387457.0,0,2481492.7361952467,2662.9612237011897,2927.0581644482154,2021-07-20,2662.9612237011897,stop_loss,-14642.428681833462,-3.779110632104585
JSWSTEEL,2021-07-12,685.0,1,685.0,0,2853622.307513413,652.1952045127939,740.2595909744119,2021-07-29,740.2595909744119,take_profit,55.259590974411935,8.06709357290685
COALINDIA,2021-07-14,116.95,1,116.95,0,2854245.6171043874,109.59059151230676,126.11129018523188,2021-08-17,109.59059151230676,stop_loss,-7.359408487693244,-6.2927819475786615
HEROMOTOCO,2021-07-27,2655.2,140,371728.0,0,2482627.2076958995,2559.587988152942,2770.3680177705874,2021-08-17,2559.587988152942,stop_loss,-13385.681658588064,-3.600934462453209
ZYDUSLIFE,2021-07-27,615.0,1,615.0,0,2840354.526037311,571.8663157623656,639.2336842376343,2021-07-29,571.8663157623656,stop_loss,-43.133684237634384,-7.013607193111282
ZYDUSLIFE,2021-07-30,573.0,3,1719.0,0,2839207.3923530737,533.7578154990122,610.2421845009878,2021-08-16,533.7578154990122,stop_loss,-117.7265535029635,-6.848548778531908
IDFCFIRSTB,2021-08-11,45.9,3,137.7,0,2840670.9657995705,42.921969370963104,50.73005104839483,2021-08-20,42.921969370963104,stop_loss,-8.934091887110682,-6.488084159121773
TVSMOTOR,2021-08-18,529.0,680,359720.0,0,2481079.7317076833,493.6625076173903,584.0062385739144,2021-10-13,584.0062385739144,take_profit,37404.24223026179,10.398154739870396
COALINDIA,2021-08-18,108.25,3,324.75,0,2877879.223937945,100.01822839288327,118.12812592854009,2021-09-08,118.12812592854009,take_profit,29.63437778562026,9.125289541376523
IDFCFIRSTB,2021-08-23,42.05,3,126.14999999999999,0,2878107.4583157306,38.9806895870266,46.498850688289,2021-09-07,46.498850688289,take_profit,13.346552064866998,10.579906511983351
COLPAL,2021-10-20,1637.05,610,998600.5,0,1879646.4548677956,1595.622606503561,1716.904786992878,2021-10-21,1595.622606503561,stop_loss,-25270.710032827777,-2.5306125956103345
ZYDUSLIFE,2021-10-20,526.1,1900,999590.0,0,1853386.244834968,495.0574219860298,559.1425780139703,2021-10-25,495.0574219860298,stop_loss,-58980.89822654343,-5.9005090313572
COLPAL,2021-10-22,1605.0,623,999915.0,0,1794080.3466084246,1550.0540586688844,1680.5418826622308,2021-10-25,1550.0540586688844,stop_loss,-34231.32144928502,-3.4234231358950526
APOLLOHOSP,2021-10-25,4045.4,210,849534.0,0,1910230.0251591397,3669.971838473258,4458.513793832091,2021-11-04,4458.513793832091,take_profit,86753.89670473916,10.211939334357325
DABUR,2021-10-26,582.0,1718,999876.0,0,1846641.921863879,548.3291125503497,620.8650649395802,2021-11-08,620.8650649395802,take_profit,66770.18156619875,6.677846209549859
COLPAL,2021-10-26,1520.0,598,908960.0,0,2004328.103430078,1484.4223771175557,1628.2052457648883,2021-11-17,1484.4223771175557,stop_loss,-21275.418483701695,-2.340633084371336
ZYDUSLIFE,2021-10-26,502.0,2,1004.0,0,2891008.6849463764,465.06664747352545,532.7333525264745,2021-11-18,465.06664747352545,stop_loss,-73.8667050529491,-7.357241539138356
ZYDUSLIFE,2021-11-22,463.4,2157,999553.7999999999,0,1892385.0182413235,430.89632555267815,494.4036744473218,2022-01-18,430.89632555267815,stop_loss,-70110.42578287318,-7.014172301968456
TATACONSUM,2021-11-29,757.35,1320,999702.0,0,1822126.39245845,702.6236595989448,822.9116084812662,2021-12-20,702.6236595989448,stop_loss,-72238.76932939295,-7.2260302899657045
HEROMOTOCO,2021-11-30,2317.85,385,892372.25,0,1857217.3731290572,2213.188749583094,2510.9668756253595,2021-12-20,2213.188749583094,stop_loss,-40294.58141050885,-4.515445366046383
BPCL,2021-11-30,164.0,1,164.0,0,2709131.041718548,154.58699496702613,178.9260100659477,2021-12-09,178.9260100659477,take_profit,14.926010065947708,9.101225649968114
TATASTEEL,2021-12-01,105.6,1,105.6,0,2709204.3677286142,94.28581442920743,112.71418557079257,2021-12-08,112.71418557079257,take_profit,7.114185570792571,6.736918154159632
KOTAKBANK,2021-12-21,1761.05,567,998515.35,0,1710801.731914185,1598.2685672500463,1915.577719299944,2022-01-05,1915.577719299944,take_profit,87617.21684306825,8.774749115581274
CHOLAFIN,2021-12-21,498.65,1566,780885.8999999999,0,2016048.3987572533,445.6826977873237,539.9173022126763,2021-12-23,539.9173022126763,take_profit,64624.59526505113,8.27580511634941
COALINDIA,2021-12-21,110.8,4,443.2,0,2861115.6940223044,98.86581288826488,122.70102453408214,2022-01-03,122.70102453408214,take_profit,47.60409813632856,10.74099687191529
ZYDUSLIFE,2022-01-19,421.0,2375,999875.0,0,1861731.4981204406,394.3350248603863,449.76497513961374,2022-01-24,394.3350248603863,stop_loss,-63329.31595658258,-6.333723311072141
MARICO,2022-01-25,470.0,2127,999690.0,0,1798587.1821638579,452.1124725230717,490.68752747692827,2022-01-31,490.68752747692827,take_profit,44002.370943426424,4.401601590835801
HCLTECH,2022-01-25,1115.0,896,999040.0,0,1843239.553107284,1046.2393454382047,1203.5606545617954,2022-03-11,1203.5606545617954,take_profit,79350.34648736872,7.942659601954749
DABUR,2022-01-25,544.1,1469,799282.9,0,2122346.9995946526,520.9267114446393,576.307946266433,2022-03-07,520.9267114446393,stop_loss,-34041.56088782491,-4.259012783561979
ZOMATO,2022-01-25,90.95,2,181.9,0,2887406.438706828,78.82966027839512,110.1305095824073,2022-02-15,78.82966027839512,stop_loss,-24.240679443209757,-13.326376824194478
MUTHOOTFIN,2022-02-15,1375.0,727,999625.0,0,1887939.0980273844,1269.5465838637222,1483.6801242044169,2022-04-25,1269.5465838637222,stop_loss,-76664.63353107398,-7.66933935536566
INDUSTOWER,2022-02-25,213.0,208,44304.0,0,2766595.4644963103,178.46616612874257,228.02706709700595,2022-07-15,228.02706709700595,take_profit,3125.6299561772385,7.05496107840655
BRITANNIA,2022-03-08,3115.0,245,763175.0,0,2050850.0944524878,2915.764880784815,3343.5980953721473,2022-03-17,3343.5980953721473,take_profit,56006.533366176096,7.338622644370702
GODREJCP,2022-03-08,665.0,3,1995.0,0,2868036.6278186636,616.6630595666692,760.7738808666618,2022-03-17,760.7738808666618,take_profit,287.32164259998535,14.402087348370193
INFY,2022-04-19,1636.65,611,999993.15,0,1870325.7994612637,1548.0199406777444,1768.1601186445114,2022-05-02,1548.0199406777444,stop_loss,-54152.9662458982,-5.415333719625799
HCLTECH,2022-04-20,1075.0,837,899775.0,0,1916390.9832153656,1013.2732694428888,1127.2267305571113,2022-04-22,1127.2267305571113,take_profit,43713.77347630216,4.858300516940586
TECHM,2022-04-26,1253.4,797,998959.8,0,1860919.9566916677,1183.7493691721052,1340.151051379825,2022-05-04,1183.7493691721052,stop_loss,-55511.552769832255,-5.556935601395797
ZYDUSLIFE,2022-04-26,343.1,2528,867356.8,0,1937011.4039218354,314.5548053849846,367.74519461501535,2022-05-23,367.74519461501535,take_profit,62303.05198675875,7.183093737981733
ZOMATO,2022-05-05,65.75,15209,999991.75,0,1866679.505908594,57.27901775583674,75.2064733662449,2022-05-09,57.27901775583674,stop_loss,-128835.16895147902,-12.883623185039179
APOLLOHOSP,2022-05-05,4042.0,220,889240.0,0,1848596.0869571147,3598.566162857026,4510.9806045715695,2022-05-12,3598.566162857026,stop_loss,-97555.44417145428,-10.970654060934537
DABUR,2022-05-10,505.8,1723,871493.4,0,1768787.2427856605,465.1804858357756,551.7934169970692,2022-07-07,551.7934169970692,take_profit,79246.65748595029,9.093202253275846
APOLLOHOSP,2022-05-13,3601.9,219,788816.1,0,1930711.2002716106,3215.2451252299006,4019.575849724119,2022-07-12,4019.575849724119,take_profit,91471.01108958205,11.595986832619424
TITAN,2022-05-13,2056.15,1,2056.15,0,2808942.161361193,1947.2272548800408,2251.1954902399193,2022-05-30,2251.1954902399193,take_profit,195.04549023991922,9.485956289177308
COALINDIA,2022-05-13,139.0,5,695.0,0,2810498.356851433,116.5064628744289,159.50224455068533,2022-05-31,159.50224455068533,take_profit,102.51122275342667,14.749816223514628
BANKBARODA,2022-05-13,90.4,1,90.4,0,2811205.4680741862,81.92107465476347,101.50785069047303,2022-07-11,101.50785069047303,take_profit,11.107850690473029,12.287445454063084
PNB,2022-05-13,29.45,1,29.45,0,2811277.5259248763,26.752871648056303,32.2942567038874,2022-07-28,32.2942567038874,take_profit,2.8442567038873996,9.657917500466553
TECHM,2022-05-26,1042.0,892,929464.0,0,1881845.8201815803,961.0910710746488,1150.5815482089188,2022-05-31,1150.5815482089188,take_profit,96854.74100235554,10.420494069953817
MUTHOOTFIN,2022-06-07,1070.0,934,999380.0,0,1908784.561183936,997.3075018542636,1200.7887472186046,2022-06-17,997.3075018542636,stop_loss,-67894.7932681178,-6.793691415489383
COLPAL,2022-06-08,1510.0,19,28690.0,0,2811579.767915818,1459.5646670062413,1635.4706659875176,2022-08-29,1635.4706659875176,take_profit,2383.942653762834,8.309315628312424
BAJAJFINSV,2022-06-15,1140.0,1,1140.0,0,2841513.7105695806,1067.458968664671,1266.032062670659,2022-07-21,1266.032062670659,take_profit,126.03206267065889,11.055444093917446
APOLLOTYRE,2022-06-17,176.45,2,352.9,0,2842426.8426322513,165.19469516055264,198.21060967889468,2022-07-07,198.21060967889468,take_profit,43.52121935778939,12.332450937316349
ZYDUSLIFE,2022-06-20,336.5,2768,931432.0,0,1911391.263851609,313.3060339233273,358.0939660766727,2022-06-27,358.0939660766727,take_profit,59772.09810023003,6.417226174345528
IDFCFIRSTB,2022-06-21,30.2,2,60.4,0,2902534.9619518393,28.062787677982215,32.828687203362975,2022-07-04,32.828687203362975,take_profit,5.257374406725951,8.70426226279131
LTIM,2022-07-08,4089.95,244,997947.7999999999,0,1904652.8193262462,3826.1501193912695,4483.449761217461,2022-07-21,4483.449761217461,take_profit,96013.94173706052,9.62113867449385
HCLTECH,2022-07-15,896.0,1116,999936.0,0,1998678.5610633064,850.0092676704581,955.990732329542,2022-07-29,955.990732329542,take_profit,66949.65727976884,6.695394233207809
ZYDUSLIFE,2022-07-27,343.0,2915,999845.0,0,2065719.2183430754,321.87766637460174,363.2223336253983,2022-08-04,363.2223336253983,take_profit,58948.10251803598,5.895724089037398
ZOMATO,2022-07-27,40.85,23689,967695.65,0,2156816.6708611115,34.660294823359486,52.13455776496077,2022-08-02,52.13455776496077,take_profit,267319.88889415556,27.624376413612644
INDUSTOWER,2022-08-11,195.6,5112,999907.2,0,2391925.009755267,177.5346947413988,206.90224420688097,2022-09-15,206.90224420688097,take_profit,57777.07238557552,5.778243459550598
DABUR,2022-09-19,549.15,1820,999453.0,0,2450156.2821408426,521.1635149327273,576.6837820807272,2022-09-22,576.6837820807272,take_profit,50111.483386923464,5.013890937034905
COALINDIA,2022-09-27,185.0,5405,999925.0,0,2499795.765527766,169.78845860561384,202.15384967326335,2022-10-06,202.15384967326335,take_profit,92716.55748398842,9.272351174736947
MUTHOOTFIN,2022-09-27,961.1,1040,999544.0,0,2592893.3230117545,900.7929472732836,1039.3105790900745,2022-09-28,1039.3105790900745,take_profit,81339.00225367745,8.137610975972787
INDUSTOWER,2022-09-29,184.35,5424,999914.4,0,2673861.925265432,170.56804526497135,193.3955637880229,2022-09-30,193.3955637880229,take_profit,49063.1379862363,4.906733815038197
HEROMOTOCO,2022-09-29,2438.85,410,999928.5,0,2722910.963251668,2296.119740319483,2631.6953895207757,2022-11-28,2631.6953895207757,take_profit,79066.60970351809,7.907226337034906
LICI,2022-09-29,623.9,931,580850.9,0,3221055.172955186,599.5469975503424,648.8287530620721,2022-10-21,599.5469975503424,stop_loss,-22672.645280631168,-3.903350288452883
TATACONSUM,2022-10-11,748.7,1335,999514.5000000001,0,2779718.9276745548,699.0880199938592,806.364376007369,2022-11-30,806.364376007369,take_profit,76981.94196983748,7.701933485691051
DABUR,2022-10-11,531.75,1880,999690.0,0,2856525.3696443923,496.8094003867566,567.8487195358922,2022-11-14,567.8487195358922,take_profit,67865.59272747734,6.7886637585128735
LICI,2022-10-24,593.0,1182,700926.0,0,3223154.96237187,571.7545047335122,611.0068690831098,2022-10-31,611.0068690831098,take_profit,21284.119256235772,3.036571514858312
HCLTECH,2022-12-12,1025.0,975,999375.0,0,2945990.0816281056,977.4268575441896,1077.5731424558105,2023-01-11,1077.5731424558105,take_profit,51258.81389441525,5.129087068859563
COALINDIA,2022-12-26,184.05,5433,999943.65,0,2996680.245522521,171.34945963505356,199.29064843793577,2023-01-23,199.29064843793577,take_profit,82802.44296330499,8.280710914390523
ADANIGREEN,2022-12-26,1809.05,552,998595.6,0,3080830.7384858257,1616.140099751328,2040.5418802984063,2023-01-16,2040.5418802984063,take_profit,127783.51792472032,12.796322948420794
TATAMOTORS,2022-12-26,380.25,2491,947202.75,0,3260007.106410546,362.8096141841293,409.43077163174144,2023-01-10,409.43077163174144,take_profit,72689.30213466792,7.674101678301495
BAJFINANCE,2023-01-11,5930.0,1,5930.0,0,4273969.158545214,5573.123146289668,6400.690280565497,2023-02-09,6400.690280565497,take_profit,470.69028056549723,7.937441493515973
INDUSTOWER,2023-01-18,176.15,5676,999827.4,0,3280542.448825779,166.2538485106561,183.7069211914751,2023-01-25,166.2538485106561,stop_loss,-56170.555853516016,-5.618025256510875
ASIANPAINT,2023-01-23,2800.0,357,999600.0,0,3224599.292972263,2672.493600666868,2960.7595989996985,2023-05-03,2960.7595989996985,take_profit,57391.17684289236,5.741414249989232
ADANIPORTS,2023-01-27,699.0,1430,999570.0,0,3282020.4698151555,681.0580483426814,777.333903314637,2023-01-27,681.0580483426814,stop_loss,-25656.99086996553,-2.5668028122058018
AARTIIND,2023-01-27,535.7,1866,999616.2000000001,0,3256317.27894519,505.6362487881208,567.204689014849,2023-02-06,567.204689014849,take_profit,58787.74970170817,5.881032110294748
COLPAL,2023-01-27,1456.0,686,998816.0,0,3315905.2286468986,1415.0997512075187,1523.400497584963,2023-03-24,1523.400497584963,take_profit,46236.7413432846,4.629155053912292
INDUSTOWER,2023-01-27,157.0,1402,220114.0,0,4140843.9699901836,145.1924306492288,168.06605548061697,2023-01-27,145.1924306492288,stop_loss,-16554.212229781206,-7.5207448094084
INDUSTOWER,2023-01-30,137.6,7267,999939.2,0,3344464.5577604026,121.03047131714102,149.77562294628717,2023-01-30,149.77562294628717,take_profit,88480.25195066891,8.848563187708706
ADANIENT,2023-01-30,2850.0,62,176700.0,0,4256184.009711072,2442.1726940574263,3240.36595891386,2023-02-01,2442.1726940574263,stop_loss,-25285.29296843957,-14.309730033072762
ICICIBANK,2023-01-30,800.0,1,800.0,0,4406798.716742632,788.5467164908949,874.5065670182103,2023-02-01,874.5065670182103,take_profit,74.50656701821026,9.313320877276283
INDUSTOWER,2023-01-31,147.2,6793,999929.6,0,3407743.62330965,129.67472336591666,160.77022130726667,2023-02-06,160.77022130726667,take_profit,92182.51334026255,9.218900344610516
INDUSINDBK,2023-01-31,1097.05,80,87764.0,0,4412091.736649913,989.6063132689476,1208.3824240772626,2023-05-12,1208.3824240772626,take_profit,8906.593926181013,10.148345478990262
BEL,2023-01-31,90.3,9,812.6999999999999,0,4507949.630576094,84.44534615527473,97.95930768945054,2023-02-16,97.95930768945054,take_profit,68.93376920505489,8.482068316113558
ADANIGREEN,2023-02-02,1039.85,146,151818.09999999998,0,4357013.164345299,789.0552532901859,1594.903696051777,2023-02-09,789.0552532901859,stop_loss,-36616.03301963285,-24.11835810066972
HDFCLIFE,2023-02-03,496.0,1,496.0,0,4471719.231325666,451.051387179795,555.1729192303075,2023-04-24,555.1729192303075,take_profit,59.17291923030746,11.930024038368439
DIVISLAB,2023-02-07,2790.15,358,998873.7000000001,0,3473400.704244897,2599.7211237255297,3015.70516836596,2023-04-12,3015.70516836596,take_profit,80748.7502750137,8.083980014191354
GLAND,2023-02-07,1175.0,851,999925.0,0,3553098.15451991,1091.837754971904,1334.4244900561923,2023-02-08,1334.4244900561923,take_profit,135670.24103781968,13.568041706909986
ADANIENT,2023-02-07,1571.0,96,150816.0,0,4537877.3955577295,885.8019343525727,2603.047098471141,2023-05-23,2603.047098471141,take_profit,99076.52145322954,65.69364089568053
MUTHOOTFIN,2023-02-24,961.8,1039,999310.2,0,3788459.717010959,916.0745717280548,1018.5131424079176,2023-03-15,916.0745717280548,stop_loss,-47508.71997455099,-4.7541514110984755
LICI,2023-02-28,568.0,457,259576.0,0,4480685.197036408,538.7404124132671,604.0119844834161,2023-03-01,604.0119844834161,take_profit,16457.47690892115,6.3401381132774794
CIPLA,2023-03-02,901.95,306,275996.7,0,4480721.973945329,843.7418046321824,955.4581953678176,2023-05-29,955.4581953678176,take_profit,16373.507782552157,5.932501288077776
TATACONSUM,2023-03-16,680.55,1398,951408.8999999999,0,3821683.2817278816,650.4092464053227,713.5289043136127,2023-04-05,713.5289043136127,take_profit,46104.508230430554,4.8459193760359565
COALINDIA,2023-03-27,177.5,5633,999857.5,0,3819339.1899583116,166.37876233601847,190.7354851967778,2023-04-05,190.7354851967778,take_profit,74555.48811344936,7.456611378466367
MPHASIS,2023-03-27,1690.1,27,45632.7,0,4848119.478071761,1589.432843548499,1868.3343129030025,2023-05-19,1868.3343129030025,take_profit,4812.326448381069,10.545785036566036
INFY,2023-04-18,1269.95,787,999450.65,0,3899113.8545201425,1186.812406802484,1401.2751863950318,2023-07-14,1401.2751863950318,take_profit,103352.92169289001,10.3409729827971
DABUR,2023-05-08,508.0,1968,999744.0,0,4002173.4262130326,480.3786136236667,534.5456636515999,2023-05-16,534.5456636515999,take_profit,52241.866066348506,5.225524340866112
ZYDUSLIFE,2023-05-22,484.95,2062,999966.9,0,4054192.3922793814,466.1576583413008,523.2423416586992,2023-06-05,523.2423416586992,take_profit,78958.80850023769,7.8961422123309974
GLAND,2023-05-23,917.0,1090,999530.0,0,4133588.100779619,786.1052718588297,1108.4394562823404,2023-07-10,1108.4394562823404,take_profit,208669.00734775106,20.876712789786307
VEDL,2023-08-07,206.0,4854,999924.0,0,4341863.1081273705,194.64202479295233,225.86595041409535,2023-08-14,194.64202479295233,stop_loss,-55131.6116550094,-5.5135801975959575
MUTHOOTFIN,2023-08-21,1229.65,813,999705.4500000001,0,4286950.04647236,1180.2312778819046,1333.653083177143,2023-09-15,1333.653083177143,take_profit,84554.50662301709,8.457941949102816
ZYDUSLIFE,2023-09-25,591.1,1691,999550.1000000001,0,4371659.903095378,556.7084372544757,634.4915627455243,2023-11-16,634.4915627455243,take_profit,73375.13260268161,7.340815893338573
VEDL,2023-09-28,167.0,5988,999996.0,0,4444589.13569806,158.14882550395862,184.70234899208273,2023-10-03,184.70234899208273,take_profit,106001.66576459141,10.60020897729505
DABUR,2023-10-20,523.0,1912,999976.0,0,4550610.801462651,506.3662273846472,548.7905271384234,2023-10-26,506.3662273846472,stop_loss,-31803.7732405546,-3.1804536549431788
ADANIGREEN,2023-10-25,881.0,1135,999935.0,0,4518848.028222097,815.1660935231107,959.5606877722672,2023-11-28,959.5606877722672,take_profit,89166.38062152329,8.917217681301613
MPHASIS,2023-10-25,2075.0,481,998075.0,0,4609874.408843621,1950.009135858519,2298.431728282963,2023-11-16,2298.431728282963,take_profit,107470.66130410516,10.767794134118693
INFY,2023-10-26,1355.05,737,998671.85,0,4716748.220147726,1328.6923735897992,1452.7652528204014,2023-11-16,1452.7652528204014,take_profit,72016.14132863589,7.2111916770895155
ASIANPAINT,2023-10-27,2932.8,340,997152.0000000001,0,4790284.211476362,2851.2597511553945,3123.860373266909,2023-11-16,3123.860373266909,take_profit,64960.52691074897,6.5146062897882135
DABUR,2023-10-27,510.9,884,451635.6,0,5400761.138387112,487.033979287067,534.1492248555196,2023-11-03,534.1492248555196,take_profit,20552.31477227935,4.550640997361446
INDUSINDBK,2024-01-24,1459.95,684,998605.8,0,4874343.253159392,1324.7157625592738,1582.0810849288716,2024-10-21,1324.7157625592738,stop_loss,-92500.21840945675,-9.262936226632847
ASIANPAINT,2024-01-24,3055.0,327,998985.0,0,4781463.834749935,2912.9746035339076,3267.288094699138,2024-02-05,2912.9746035339076,stop_loss,-46442.30464441221,-4.648949147826265
HDFCBANK,2024-01-24,1380.25,724,999301.0,0,4734705.530105523,1347.4795322239322,1547.1557016641011,2024-04-05,1547.1557016641011,take_profit,120839.7280048092,12.092425405839602
ITC,2024-02-09,354.7,2819,999899.2999999999,0,4854946.9581103325,336.3237743215288,385.2214708141655,2024-05-07,385.2214708141655,take_profit,86040.02622513262,8.604869132834938
UPL,2024-02-12,443.0,2257,999851.0,0,4941035.284335465,416.0385190410873,485.8229619178255,2024-04-10,485.8229619178255,take_profit,96651.42504853221,9.666582825694249
ASIANPAINT,2024-02-29,2785.0,359,999815.0,0,5037722.709383997,2674.907022373291,2973.514466440063,2024-05-02,2973.514466440063,take_profit,67676.69345198269,6.768921595693472
MUTHOOTFIN,2024-02-29,1267.05,654,828650.7,0,5276563.70283598,1196.399491258662,1392.150763112007,2024-03-05,1392.150763112007,take_profit,81815.89907525267,9.87338803614752
DABUR,2024-03-14,517.0,1761,910437.0,0,5276593.301911233,497.8604362268899,546.4574765277323,2024-04-15,497.8604362268899,stop_loss,-33704.77180444693,-3.702043283000024
COALINDIA,2024-03-18,400.25,1,400.25,0,6152925.280106786,357.5998516013543,449.7801780783748,2024-05-03,449.7801780783748,take_profit,49.530178078374774,12.374810263179207
HCLTECH,2024-04-22,1452.2,688,999113.6,0,5154261.4602848645,1382.5640038196582,1512.4359961803418,2024-04-25,1512.4359961803418,take_profit,41442.36537207514,4.1479132475101075
HCLTECH,2024-04-30,1376.4,726,999266.4,0,5195551.0256569395,1305.828179853923,1468.971820146077,2024-05-10,1305.828179853923,stop_loss,-51235.141426051916,-5.127275511920736
RECLTD,2024-06-25,523.7,1909,999743.3,0,5143838.984230888,482.6308322820591,599.2383354358818,2024-07-08,599.2383354358818,take_profit,144202.6823470983,14.423970868031654
HAVELLS,2024-08-13,1815.0,550,998250.0,0,5289534.966577986,1742.0053819724,1946.1392360551995,2024-08-27,1946.1392360551995,take_profit,72126.57983035973,7.225302261994463
COALINDIA,2024-09-09,472.25,2117,999753.25,0,5360158.296408346,439.2670038698235,513.0395953562117,2024-10-28,439.2670038698235,stop_loss,-69825.00280758366,-6.984223637941028
ZYDUSLIFE,2024-09-20,1054.1,948,999286.7999999999,0,5290799.743600762,978.7310346494482,1130.1689653505518,2024-10-28,978.7310346494482,stop_loss,-71449.77915232297,-7.150077350398601
TATACONSUM,2024-10-04,1150.0,869,999350.0,0,5219286.76444844,1093.2607285158435,1224.1371257809878,2024-10-17,1093.2607285158435,stop_loss,-49306.426919731966,-4.933849694274476
DABUR,2024-10-04,584.75,1710,999922.5,0,5169407.837528707,536.9618316978848,632.0858019625383,2024-10-24,536.9618316978848,stop_loss,-81717.76779661699,-8.172410141447662
INDUSTOWER,2024-10-08,360.0,2777,999720.0,0,5087892.56973209,324.3253912723931,390.60968698208546,2024-10-17,390.60968698208546,take_profit,85003.10074925133,8.502690828357073
COLPAL,2024-10-15,3523.0,129,454467.0,0,5718148.670481342,3382.8062977249874,3801.737404550024,2024-10-17,3382.8062977249874,stop_loss,-18084.987593476624,-3.9793841122626334
COLPAL,2024-10-18,3370.25,296,997594.0,0,5156936.682887865,3227.1302791916173,3656.489441616766,2024-10-24,3227.1302791916173,stop_loss,-42363.43735928128,-4.246560961601741
TATACONSUM,2024-10-18,1090.15,917,999667.55,0,5112499.6955285845,1031.286972486809,1160.7856330158295,2024-10-21,1031.286972486809,stop_loss,-53977.39622959626,-5.399534698270066
TATACONSUM,2024-10-22,1023.3,977,999764.1,0,5058425.749298989,942.8785630115852,1106.0557243860978,2024-11-14,942.8785630115852,stop_loss,-78571.74393768117,-7.859028338553181
BHEL,2024-10-24,224.1,4462,999934.2,0,4979683.905361308,202.53486761246697,255.44769858129956,2024-12-04,255.44769858129956,take_profit,139873.43106975866,13.988263534716452
INDUSINDBK,2024-10-28,1051.4,951,999881.4000000001,0,5119610.136431066,911.8148928263756,1197.342128608349,2025-03-10,911.8148928263756,stop_loss,-132745.43692211687,-13.276118239834931
SAIL,2024-10-28,112.36,8899,999891.64,0,4986854.45950895,104.0911484871698,126.25770302566043,2024-11-07,126.25770302566043,take_profit,123675.6592253522,12.368906217212917
CHOLAFIN,2024-10-29,1289.9,775,999672.5000000001,0,5110749.258734303,1165.3059752116374,1395.3940247883625,2025-02-04,1395.3940247883625,take_profit,81757.86921098083,8.178465368506268
INDIGO,2024-10-29,4027.7,248,998869.6,0,5193310.027945284,3775.921208204032,4414.66465299328,2024-12-02,4414.66465299328,take_profit,95967.23394233338,9.607583806968735
COALINDIA,2024-10-29,428.45,140,59983.0,0,6228163.861887617,390.4430521289628,468.4483374452446,2024-12-19,390.4430521289628,stop_loss,-5320.9727019452075,-8.870801230257253
GAIL,2024-11-05,188.67,1,188.67,0,6282637.219185672,180.36204696580288,200.61060404559615,2024-11-06,200.61060404559615,take_profit,11.94060404559616,6.328830256848551
TITAN,2024-11-08,3121.0,320,998720.0,0,5284117.829789718,2993.600573549558,3375.3488529008837,2024-12-04,3375.3488529008837,take_profit,81391.63292828278,8.149594774139176
MUTHOOTFIN,2024-11-08,1830.0,68,124440.0,0,6239789.462718001,1703.801610869011,2003.9225836964831,2024-12-10,2003.9225836964831,take_profit,11826.735691360853,9.503966322212193
BRITANNIA,2024-11-18,4970.0,185,919450.0,0,5456606.198409362,4499.009532972293,5248.872373622166,2025-02-01,5248.872373622166,take_profit,51591.38912010078,5.611114157387654
NESTLEIND,2024-11-18,2190.7,1,2190.7,0,6425456.887529463,2112.903279962235,2322.5934400755305,2025-01-31,2322.5934400755305,take_profit,131.89344007553063,6.020607115329833
HEROMOTOCO,2024-12-18,4290.8,233,999756.4,0,5428023.080969538,4093.359859369789,4627.585210945317,2024-12-30,4093.359859369789,stop_loss,-46003.55276683924,-4.601476196285339
COALINDIA,2024-12-20,393.0,2544,999792.0,0,5381983.928202698,369.9380767651093,418.36430788186874,2025-01-10,369.9380767651093,stop_loss,-58669.5327095619,-5.868173851117223
TATACONSUM,2024-12-23,894.95,1117,999659.15,0,5323447.245493135,834.6069731637195,955.2616322035368,2025-01-07,955.2616322035368,take_profit,67368.09317135056,6.739106341531566
ASIANPAINT,2024-12-24,2282.1,222,506626.19999999995,0,5883848.288664485,2187.0345486050837,2417.448177092374,2025-02-04,2417.448177092374,take_profit,30047.29531450704,5.930860921623682
APOLLOTYRE,2025-01-10,475.55,2102,999606.1,0,5420915.6839789925,456.8043354840669,513.1913290318663,2025-01-13,456.8043354840669,stop_loss,-39403.38681249144,-3.941891392268558
GODREJPROP,2025-01-13,2359.0,423,997857.0,0,5383261.397166501,2239.565285457835,2631.3911909036083,2025-01-22,2239.565285457835,stop_loss,-50520.8842513357,-5.062938301914573
TATASTEEL,2025-01-13,126.0,7654,964404.0,0,5366193.512915165,121.24221974145544,133.61778025854457,2025-01-31,133.61778025854457,take_profit,58306.49009890014,6.045857348051246
SBIN,2025-01-14,732.95,1310,960164.5000000001,0,5428739.503014065,700.2834848876633,778.1941918538945,2025-01-20,778.1941918538945,take_profit,59269.89132860173,6.172889263100409
AXISBANK,2025-01-24,948.0,1054,999192.0,0,5448981.894342667,912.5783373816886,1002.3455501577484,2025-02-01,1002.3455501577484,take_profit,57280.209866266865,5.73265297022663
GODREJPROP,2025-01-27,2135.0,453,967155.0,0,5538299.104208934,2009.036088931142,2398.2731851147637,2025-02-01,2398.2731851147637,take_profit,119262.75285698795,12.331296726686823
JINDALSTEL,2025-02-01,792.05,1262,999567.1,0,5625149.757065922,733.7007044894538,907.2485910210924,2025-03-06,907.2485910210924,take_profit,145380.62186861862,14.544358439630379
APOLLOHOSP,2025-02-12,6349.6,1,6349.6,0,6763747.878934541,5848.631068753065,6879.812717496323,2025-03-27,6501.85,end_of_period,152.25,2.3977888370921003
COALINDIA,2025-02-12,359.9,2778,999802.2,0,5770447.52893454,331.1973607302985,392.3631671236418,2025-03-19,392.3631671236418,take_profit,90182.678269477,9.020051993231961
GODREJPROP,2025-02-13,1934.5,516,998202.0,0,5862230.407204017,1765.137578392768,2204.1040360120537,2025-03-25,2204.1040360120537,take_profit,139115.6825822197,13.936626312331542
SUNPHARMA,2025-02-27,1628.95,613,998546.35,0,6001001.7397862375,1550.5483390655595,1739.7033218688805,2025-03-19,1739.7033218688805,take_profit,67891.78630562371,6.799062087165379
INFY,2025-03-03,1692.3,590,998457.0,0,6068982.876091861,1626.106661244035,1810.8866775119304,2025-03-12,1626.106661244035,stop_loss,-39054.069866019345,-3.91144234213585
ADANIGREEN,2025-03-03,775.0,976,756400.0,0,6271985.806225842,666.1162694780678,904.3404766263186,2025-03-17,904.3404766263186,take_profit,126236.30518728695,16.68909375823466
INDUSINDBK,2025-03-11,810.45,1233,999284.8500000001,0,6155337.261413129,812.4984254679933,1006.101889438408,2025-03-11,812.4984254679933,stop_loss,2525.7086020357356,0.2527516155214137
INDUSINDBK,2025-03-12,630.0,1587,999810.0,0,6157337.820015165,513.873582921194,826.4417004945673,2025-03-27,661.15,end_of_period,49435.04999999997,4.944444444444441
INFY,2025-03-13,1599.25,625,999531.25,0,6207051.620015165,1518.3228651646348,1735.9042696707302,2025-03-27,1600.35,end_of_period,687.4999999999432,0.06878224167577983
